checked_at,kickoff_utc,hours_to_kickoff,away_team,home_team,pm_home_price,books_home_prob,books_low,books_high,num_books,gap,pm_volume,pm_link
2026-09-30 04:11,2026-10-02 00:15,44.1,PIT,CLE,0.425,0.4279,0.4202,0.4366,9,-0.0029,12141.170692,https://polymarket.com/event/nfl-pit-cle-2026-10-02
2026-09-30 04:11,2026-10-04 13:30,105.3,IND,WAS,0.355,0.3659,0.3571,0.3775,9,-0.0109,86500.13726200002,https://polymarket.com/event/nfl-ind-was-2026-10-04
2026-09-30 04:11,2026-10-04 17:00,108.8,ARI,NYG,0.465,0.4675,0.463,0.4773,8,-0.0025,18509.586667,https://polymarket.com/event/nfl-ari-nyg-2026-10-04
2026-09-30 04:11,2026-10-04 17:00,108.8,TEN,BAL,0.855,0.8387,0.8266,0.8479,9,0.0163,8548.683811,https://polymarket.com/event/nfl-ten-bal-2026-10-04
2026-09-30 04:11,2026-10-04 17:00,108.8,NE,BUF,0.725,0.7204,0.7072,0.7389,9,0.0046,13439.891737999998,https://polymarket.com/event/nfl-ne-buf-2026-10-04
2026-09-30 04:11,2026-10-04 17:00,108.8,NYJ,CHI,0.615,0.6139,0.6043,0.6169,9,0.0011,3723.286714,https://polymarket.com/event/nfl-nyj-chi-2026-10-04
2026-09-30 04:11,2026-10-04 17:00,108.8,JAX,CIN,0.565,0.562,0.546,0.5721,9,0.003,40008.1084,https://polymarket.com/event/nfl-jax-cin-2026-10-04
2026-09-30 04:11,2026-10-04 17:00,108.8,DAL,HOU,0.565,0.5656,0.5499,0.5798,9,-0.0006,26698.201949000002,https://polymarket.com/event/nfl-dal-hou-2026-10-04
2026-09-30 04:11,2026-10-04 17:00,108.8,GB,TB,0.355,0.3655,0.3614,0.3724,9,-0.0105,25354.077988,https://polymarket.com/event/nfl-gb-tb-2026-10-04
2026-09-30 04:11,2026-10-04 17:00,108.8,LA,PHI,0.395,0.406,0.3933,0.4117,9,-0.011,6172.5331909999995,https://polymarket.com/event/nfl-la-phi-2026-10-04
2026-09-30 04:11,2026-10-04 20:05,111.9,MIA,MIN,0.835,0.8282,0.8133,0.8334,9,0.0068,14243.875269999997,https://polymarket.com/event/nfl-mia-min-2026-10-04
2026-09-30 04:11,2026-10-04 20:25,112.2,DEN,SF,0.575,0.5711,0.5571,0.5824,9,0.0039,3615.9982430000005,https://polymarket.com/event/nfl-den-sf-2026-10-04
2026-09-30 04:11,2026-10-04 20:25,112.2,KC,LV,0.355,0.3443,0.3364,0.3511,9,0.0107,33312.048855,https://polymarket.com/event/nfl-kc-lv-2026-10-04
2026-09-30 04:11,2026-10-04 20:25,112.2,LAC,SEA,0.745,0.7409,0.738,0.76,9,0.0041,11926.383057000001,https://polymarket.com/event/nfl-lac-sea-2026-10-04
2026-09-30 04:11,2026-10-05 00:20,116.1,DET,CAR,0.365,0.3672,0.3589,0.3836,9,-0.0022,1483.3688260000001,https://polymarket.com/event/nfl-det-car-2026-10-05
2026-09-30 04:11,2026-10-06 00:15,140.1,ATL,NO,0.575,0.5764,0.5742,0.5872,9,-0.0014,1703.570116,https://polymarket.com/event/nfl-atl-no-2026-10-06
2026-09-30 04:31,2026-10-02 00:15,43.7,PIT,CLE,0.425,0.4279,0.4202,0.4366,9,-0.0029,12141.170692000002,https://polymarket.com/event/nfl-pit-cle-2026-10-02
2026-09-30 04:31,2026-10-04 13:30,105.0,IND,WAS,0.355,0.3659,0.3571,0.3775,9,-0.0109,86500.137262,https://polymarket.com/event/nfl-ind-was-2026-10-04
2026-09-30 04:31,2026-10-04 17:00,108.5,ARI,NYG,0.465,0.4675,0.463,0.4773,8,-0.0025,18511.714327,https://polymarket.com/event/nfl-ari-nyg-2026-10-04
2026-09-30 04:31,2026-10-04 17:00,108.5,TEN,BAL,0.845,0.8387,0.8266,0.8479,9,0.0063,8558.009389,https://polymarket.com/event/nfl-ten-bal-2026-10-04
2026-09-30 04:31,2026-10-04 17:00,108.5,NE,BUF,0.725,0.7204,0.7072,0.7389,9,0.0046,13442.631463,https://polymarket.com/event/nfl-ne-buf-2026-10-04
2026-09-30 04:31,2026-10-04 17:00,108.5,NYJ,CHI,0.615,0.6139,0.6043,0.6169,9,0.0011,3724.899616,https://polymarket.com/event/nfl-nyj-chi-2026-10-04
2026-09-30 04:31,2026-10-04 17:00,108.5,JAX,CIN,0.565,0.562,0.546,0.5721,9,0.003,40010.381128,https://polymarket.com/event/nfl-jax-cin-2026-10-04
2026-09-30 04:31,2026-10-04 17:00,108.5,DAL,HOU,0.565,0.5656,0.5499,0.5798,9,-0.0006,26700.474677,https://polymarket.com/event/nfl-dal-hou-2026-10-04
2026-09-30 04:31,2026-10-04 17:00,108.5,GB,TB,0.355,0.3655,0.3614,0.3724,9,-0.0105,25355.61645,https://polymarket.com/event/nfl-gb-tb-2026-10-04
2026-09-30 04:31,2026-10-04 17:00,108.5,LA,PHI,0.395,0.406,0.3933,0.4117,9,-0.011,6175.81188,https://polymarket.com/event/nfl-la-phi-2026-10-04
2026-09-30 04:31,2026-10-04 20:05,111.6,MIA,MIN,0.835,0.8282,0.8133,0.8334,9,0.0068,14246.256220000001,https://polymarket.com/event/nfl-mia-min-2026-10-04
2026-09-30 04:31,2026-10-04 20:25,111.9,DEN,SF,0.575,0.5711,0.5571,0.5824,9,0.0039,3618.3238250000004,https://polymarket.com/event/nfl-den-sf-2026-10-04
2026-09-30 04:31,2026-10-04 20:25,111.9,KC,LV,0.355,0.3443,0.3364,0.3511,9,0.0107,33313.587317000005,https://polymarket.com/event/nfl-kc-lv-2026-10-04
2026-09-30 04:31,2026-10-04 20:25,111.9,LAC,SEA,0.745,0.7409,0.738,0.76,9,0.0041,11927.716389,https://polymarket.com/event/nfl-lac-sea-2026-10-04
2026-09-30 04:31,2026-10-05 00:20,115.8,DET,CAR,0.355,0.3672,0.3589,0.3836,9,-0.0122,12341.411069999998,https://polymarket.com/event/nfl-det-car-2026-10-05
2026-09-30 04:31,2026-10-06 00:15,139.7,ATL,NO,0.575,0.5764,0.5742,0.5872,9,-0.0014,1703.570116,https://polymarket.com/event/nfl-atl-no-2026-10-06
